user_id,date,role,department,is_insider,logon_count_total,logon_count_after_hours,logon_count_weekend,logon_hour_mean,logon_hour_std,logon_unique_pcs,logoff_count_total,session_duration_mean_hours,usb_connect_count,usb_disconnect_count,usb_after_hours_count,usb_weekend_count,usb_unique_pcs,usb_file_transfer_ratio,email_sent_total,email_sent_external,email_external_ratio,email_sent_after_hours,email_sent_weekend,email_attachment_count,email_attachment_total_bytes,email_unique_recipients,email_bcc_count,email_sentiment_score,file_access_total,file_access_after_hours,file_copy_to_usb_count,file_copy_to_usb_bytes,file_delete_count,file_unique_paths,file_doc_pdf_count,file_executable_access_count,http_requests_total,http_requests_after_hours,http_requests_weekend,http_suspicious_domain_count,http_suspicious_domain_ratio,http_upload_bytes_total,http_download_bytes_total,http_job_search_domain_count,peer_deviation_score,user_deviation_score,role_normalised_access_score,drift_suspicion_score
USR0001,2026-01-01,Software Engineer,Engineering,0,1,0,0,8.95,0.44,1,1,8.39,1,1,0,0,0,0.0301,22,1,0.1432,0,0,3,67787,9,0,0.25,10,0,0,0,3,8,6,0,159,1,0,0,0.0,108236,1857401,0,0.0778,0.0451,0.3542,0.1549
USR0002,2026-01-01,Systems Administrator,IT Operations,0,4,0,0,8.34,0.49,1,3,8.37,0,1,0,0,0,0.0145,7,1,0.1733,0,0,3,105638,4,0,0.19,23,2,0,0,2,14,3,0,391,5,0,0,0.0,64862,5480690,0,0.2687,0.0625,0.2138,0.2475
USR0003,2026-01-01,Financial Analyst,Finance,0,2,0,0,8.86,0.33,1,1,8.71,0,1,0,0,0,0.0284,27,2,0.0425,0,0,3,47452,6,0,0.13,45,2,0,0,2,14,8,0,378,3,0,0,0.0,114895,2839795,0,0.3492,0.056,0.2481,0.1914
USR0004,2026-01-01,HR Coordinator,Human Resources,0,2,0,0,8.64,0.42,1,4,8.39,0,0,0,0,0,0.0471,26,5,0.0229,0,0,2,99174,3,0,0.17,20,1,0,0,0,14,6,0,336,1,0,0,0.0,153085,1892638,0,0.3112,0.0976,0.2917,0.1562
USR0005,2026-01-01,Sales Executive,Sales,0,2,0,0,8.78,0.4,1,3,8.23,1,0,0,0,0,0.0403,12,0,0.0482,0,0,0,32453,9,0,0.3,44,0,0,0,1,13,9,0,361,1,0,0,0.0,89483,5426448,0,0.3117,0.13,0.1635,0.1394
USR0006,2026-01-01,Software Engineer,Engineering,0,2,0,0,8.57,0.31,1,4,7.68,0,0,0,0,0,0.0115,12,0,0.0142,0,0,1,27668,2,0,0.31,14,2,0,0,1,7,9,0,189,4,0,0,0.0,54684,7067921,0,0.3307,0.1685,0.2418,0.1983
USR0007,2026-01-01,Systems Administrator,IT Operations,0,2,1,0,8.49,0.48,1,1,8.51,0,1,0,0,0,0.017,8,1,0.0383,0,0,1,120593,4,0,0.17,25,0,0,0,3,15,10,0,130,0,0,0,0.0,190955,5534780,0,0.3008,0.2719,0.3779,0.2137
USR0008,2026-01-01,Financial Analyst,Finance,0,4,0,0,9.05,0.37,1,1,8.98,0,0,0,0,0,0.0212,28,4,0.1324,0,0,1,87780,5,0,0.34,47,2,0,0,0,14,7,0,109,0,0,0,0.0,173138,4999591,0,0.2009,0.2417,0.1472,0.2406
USR0009,2026-01-01,HR Coordinator,Human Resources,1,8,3,1,4.1,4.22,6,7,17.71,6,3,6,1,5,0.8472,112,70,0.9617,21,15,22,13912544,50,7,-0.53,303,314,60,144690729,19,52,98,6,1953,402,137,22,0.2139,45594597,85556038,8,0.9526,0.9286,0.8576,0.721
USR0010,2026-01-01,Sales Executive,Sales,0,3,0,0,8.76,0.39,1,3,8.9,1,0,0,0,0,0.0445,28,4,0.0311,0,0,1,99884,5,0,0.27,26,2,0,0,3,7,2,0,127,5,0,0,0.0,131037,7957076,0,0.133,0.0209,0.3313,0.1629
USR0001,2026-01-02,Software Engineer,Engineering,0,4,0,0,9.0,0.4,1,2,8.32,0,0,0,0,0,0.0064,14,2,0.1798,0,0,0,103797,5,0,0.27,16,1,0,0,3,12,4,0,201,1,0,0,0.0,66413,4458576,0,0.0574,0.2115,0.1997,0.2334
USR0002,2026-01-02,Systems Administrator,IT Operations,0,2,0,0,9.59,0.53,1,4,7.83,0,0,0,0,0,0.0398,12,1,0.0047,0,0,2,83034,3,0,0.34,27,1,0,0,3,13,10,0,249,0,0,0,0.0,50236,3191231,0,0.1036,0.2703,0.1796,0.036
USR0003,2026-01-02,Financial Analyst,Finance,0,3,0,0,9.6,0.54,1,2,7.88,0,1,0,0,0,0.0269,28,5,0.1474,0,0,3,28343,7,0,0.26,17,2,0,0,2,11,6,0,289,2,0,0,0.0,125486,6848608,0,0.1387,0.0531,0.2261,0.2357
USR0004,2026-01-02,HR Coordinator,Human Resources,0,2,0,0,8.79,0.4,1,3,7.82,0,0,0,0,0,0.0221,26,1,0.1022,0,0,1,32228,6,0,0.23,50,2,0,0,2,4,5,0,238,1,0,0,0.0,72200,2236094,0,0.0573,0.0837,0.2425,0.2139
USR0005,2026-01-02,Sales Executive,Sales,1,12,8,2,4.1,3.89,6,12,14.22,3,4,5,2,3,0.8912,106,89,0.7141,22,8,29,9474117,54,15,-0.59,436,242,76,102228802,47,159,110,5,1125,786,330,13,0.3755,47220099,255571545,11,0.8615,0.7622,0.8724,0.8655
USR0006,2026-01-02,Software Engineer,Engineering,0,3,0,0,9.03,0.46,1,2,8.56,1,0,0,0,0,0.0208,11,3,0.0779,0,0,0,109714,9,0,0.1,32,1,0,0,3,9,10,0,359,4,0,0,0.0,77812,5095565,0,0.1158,0.1333,0.1087,0.0907
USR0007,2026-01-02,Systems Administrator,IT Operations,0,4,0,0,10.03,0.26,1,1,8.86,0,0,0,0,1,0.0214,19,1,0.0101,0,0,1,129196,7,0,0.18,34,1,0,0,3,7,3,0,320,0,0,0,0.0,161405,1436925,0,0.35,0.111,0.295,0.1975
USR0008,2026-01-02,Financial Analyst,Finance,0,1,0,0,9.09,0.41,1,2,8.21,1,0,0,0,0,0.0128,16,1,0.1212,0,0,0,52930,6,0,0.13,11,1,0,0,3,9,5,0,118,4,0,0,0.0,184427,3037168,0,0.0806,0.2208,0.3551,0.1541
USR0009,2026-01-02,HR Coordinator,Human Resources,0,1,0,0,8.39,0.49,1,3,7.52,0,0,0,0,0,0.0181,19,5,0.0306,0,0,4,80800,10,0,0.29,39,1,0,0,2,8,5,0,124,2,0,0,0.0,138175,3045674,0,0.2751,0.1682,0.3005,0.0907
USR0010,2026-01-02,Sales Executive,Sales,0,3,0,0,8.94,0.31,1,3,8.33,0,0,0,0,0,0.0203,22,1,0.1381,0,0,3,127486,2,0,0.12,24,1,0,0,1,7,7,0,322,4,0,0,0.0,159177,3883646,0,0.1777,0.2139,0.1992,0.1787
USR0001,2026-01-03,Software Engineer,Engineering,0,3,0,0,8.47,0.55,1,2,7.79,0,0,0,0,0,0.038,24,2,0.1961,0,0,2,69633,7,0,0.14,10,2,0,0,1,7,2,0,107,4,0,0,0.0,96581,6850361,0,0.3332,0.1858,0.3258,0.0346
USR0002,2026-01-03,Systems Administrator,IT Operations,1,10,6,4,23.2,3.18,3,10,17.71,10,4,2,4,5,0.6722,120,36,0.7425,40,14,17,13327906,32,13,-0.49,460,195,86,71053474,43,163,78,8,2005,739,256,23,0.3363,23318904,254745682,6,0.8939,0.7688,0.797,0.7424
USR0003,2026-01-03,Financial Analyst,Finance,0,2,1,0,8.46,0.35,1,2,7.93,0,0,0,0,1,0.0117,13,5,0.118,0,0,1,121447,3,0,0.24,19,1,0,0,1,4,2,0,164,2,0,0,0.0,175987,7282712,0,0.2973,0.2595,0.2317,0.1225
USR0004,2026-01-03,HR Coordinator,Human Resources,0,4,0,0,8.6,0.4,1,1,8.83,0,0,0,0,1,0.0114,26,4,0.1174,1,0,2,20546,4,0,0.22,38,1,0,0,1,12,8,0,331,0,0,0,0.0,143210,3918908,0,0.1725,0.1035,0.1314,0.0486
USR0005,2026-01-03,Sales Executive,Sales,0,4,0,0,9.05,0.28,1,4,7.63,0,1,0,0,0,0.0432,5,5,0.1739,0,0,0,59173,10,0,0.19,41,2,0,0,3,15,2,0,184,2,0,0,0.0,163974,2099018,0,0.3283,0.1339,0.3095,0.0391
USR0006,2026-01-03,Software Engineer,Engineering,0,2,0,0,9.31,0.41,1,2,8.99,0,0,0,0,0,0.0416,20,5,0.0584,0,0,3,136484,9,0,0.16,45,0,0,0,3,6,10,0,149,0,0,0,0.0,92416,7481668,0,0.287,0.1279,0.3803,0.1319
USR0007,2026-01-03,Systems Administrator,IT Operations,0,3,0,0,8.16,0.33,1,2,8.17,0,0,0,0,0,0.0189,15,1,0.1962,0,0,3,71226,8,0,0.11,40,2,0,0,3,9,4,0,333,0,0,0,0.0,53094,5213523,0,0.3396,0.1063,0.1301,0.2128
USR0008,2026-01-03,Financial Analyst,Finance,1,13,3,2,23.2,4.24,4,7,15.35,7,8,6,4,2,0.9055,108,78,0.9672,35,20,32,6204573,29,8,-0.55,297,196,31,78246664,21,75,96,3,2221,606,114,6,0.2473,17532195,128750313,8,0.8362,0.7378,0.8915,0.8271
USR0009,2026-01-03,HR Coordinator,Human Resources,0,2,0,0,8.24,0.5,1,4,8.87,1,0,0,0,0,0.0128,5,3,0.1802,0,0,1,29362,9,0,0.34,47,1,0,0,3,14,6,0,313,2,0,0,0.0,72223,4227040,0,0.306,0.0477,0.2144,0.0962
USR0010,2026-01-03,Sales Executive,Sales,0,3,1,0,8.75,0.41,1,1,8.87,0,0,0,0,0,0.0388,12,4,0.1604,0,0,1,75700,4,0,0.26,50,2,0,0,0,7,9,0,97,4,0,0,0.0,115646,7143479,0,0.0894,0.2565,0.198,0.1097
USR0001,2026-01-04,Software Engineer,Engineering,0,3,0,0,8.99,0.33,1,4,8.95,0,0,0,0,0,0.0234,7,1,0.1508,0,0,3,105885,3,0,0.3,10,1,0,0,0,10,7,0,214,4,0,0,0.0,119883,7898936,0,0.2416,0.1166,0.3025,0.1232
USR0002,2026-01-04,Systems Administrator,IT Operations,0,3,0,0,9.66,0.47,1,3,8.47,1,1,0,0,1,0.0498,8,0,0.047,0,0,3,128919,7,0,0.27,44,1,0,0,1,9,3,0,330,4,0,0,0.0,126985,3346630,0,0.0598,0.1163,0.233,0.2381
USR0003,2026-01-04,Financial Analyst,Finance,0,1,0,0,9.39,0.32,1,1,8.1,0,1,0,0,0,0.0227,26,1,0.1283,0,0,0,23258,7,0,0.16,18,2,0,0,1,4,10,0,186,4,0,0,0.0,76610,7820382,0,0.3109,0.1054,0.1443,0.2261
USR0004,2026-01-04,HR Coordinator,Human Resources,1,8,4,3,2.5,2.72,3,8,13.07,6,8,2,2,4,0.6657,93,44,0.9088,30,19,39,17148012,57,14,-0.76,407,193,25,117608902,57,127,98,7,863,362,345,17,0.2779,24490391,181605542,10,0.7669,0.721,0.9077,0.6971
USR0005,2026-01-04,Sales Executive,Sales,0,3,0,0,8.63,0.51,1,4,7.65,0,0,0,0,0,0.0384,28,1,0.086,0,0,3,98848,9,0,0.2,16,1,0,0,3,8,6,0,271,1,0,0,0.0,144326,1563155,0,0.0774,0.0422,0.2296,0.1887
USR0006,2026-01-04,Software Engineer,Engineering,0,2,0,0,8.39,0.37,1,1,8.12,0,0,0,0,0,0.0458,6,2,0.1201,0,0,4,143015,5,0,0.14,40,0,0,0,0,8,10,0,268,0,0,0,0.0,93024,5815899,0,0.1178,0.1316,0.2683,0.1942
USR0007,2026-01-04,Systems Administrator,IT Operations,0,1,0,0,8.76,0.38,1,3,8.55,0,0,0,0,1,0.0435,23,5,0.0802,1,0,0,34053,10,0,0.15,36,1,0,0,2,5,7,0,239,5,0,0,0.0,105035,7516569,0,0.3324,0.175,0.365,0.0473
USR0008,2026-01-04,Financial Analyst,Finance,0,1,0,0,8.5,0.3,1,4,8.12,0,0,0,0,0,0.0055,26,5,0.1186,0,0,2,21905,5,0,0.2,48,0,0,0,0,6,6,0,188,1,0,0,0.0,86982,3428058,0,0.1484,0.022,0.3241,0.0522
USR0009,2026-01-04,HR Coordinator,Human Resources,0,2,0,0,8.87,0.36,1,1,8.15,0,1,0,0,0,0.0215,17,5,0.128,0,0,3,15467,7,0,0.14,49,1,0,0,2,4,8,0,134,1,0,0,0.0,134209,5939810,0,0.1701,0.0404,0.3612,0.189
USR0010,2026-01-04,Sales Executive,Sales,0,2,1,0,8.48,0.39,1,3,8.03,0,0,0,0,0,0.0051,13,1,0.0347,0,0,0,56437,9,0,0.22,46,2,0,0,3,13,7,0,241,1,0,0,0.0,135281,1572826,0,0.1907,0.1842,0.3389,0.1519
USR0001,2026-01-05,Software Engineer,Engineering,0,1,0,0,9.68,0.47,1,1,8.47,0,1,0,0,0,0.0192,23,4,0.1908,0,0,0,127894,5,0,0.18,40,2,0,0,1,3,9,0,132,2,0,0,0.0,42106,5232463,0,0.2438,0.0302,0.3123,0.2478
USR0002,2026-01-05,Systems Administrator,IT Operations,0,2,0,0,8.14,0.51,1,1,8.68,0,1,0,0,1,0.0339,14,2,0.1447,0,0,4,49419,7,0,0.12,19,1,0,0,2,13,8,0,146,4,0,0,0.0,42208,3596961,0,0.2177,0.1873,0.1985,0.0407
USR0003,2026-01-05,Financial Analyst,Finance,0,1,0,0,8.49,0.47,1,2,8.93,0,0,0,0,0,0.05,9,0,0.0592,0,0,4,148027,2,0,0.27,49,0,0,0,3,5,4,0,172,5,0,0,0.0,183771,7786750,0,0.3208,0.2075,0.1131,0.0974
USR0004,2026-01-05,HR Coordinator,Human Resources,0,4,0,0,8.88,0.33,1,2,7.96,0,0,0,0,0,0.0184,23,3,0.0923,0,0,3,141833,10,0,0.2,20,0,0,0,1,7,2,0,326,2,0,0,0.0,165369,1860585,0,0.2634,0.1541,0.1374,0.0301
USR0005,2026-01-05,Sales Executive,Sales,0,4,0,0,7.68,0.49,1,2,8.73,0,0,0,0,0,0.0198,16,1,0.0772,1,0,1,17389,7,0,0.33,31,0,0,0,1,3,6,0,321,5,0,0,0.0,56383,7365620,0,0.2617,0.1366,0.1016,0.029
USR0006,2026-01-05,Software Engineer,Engineering,0,2,0,0,8.56,0.39,1,3,7.86,1,0,0,0,0,0.0311,7,0,0.1673,0,0,4,14308,10,0,0.24,19,1,0,0,3,3,7,0,203,4,0,0,0.0,129200,2571302,0,0.2493,0.0423,0.3924,0.0262
USR0007,2026-01-05,Systems Administrator,IT Operations,0,1,0,0,7.87,0.19,1,3,8.62,0,1,0,0,0,0.0329,8,4,0.147,0,0,0,102353,10,0,0.18,21,2,0,0,3,14,9,0,173,1,0,0,0.0,36541,7006621,0,0.2829,0.139,0.188,0.0205
USR0008,2026-01-05,Financial Analyst,Finance,0,1,0,0,8.06,0.51,1,4,7.88,0,0,0,0,0,0.039,25,2,0.0546,0,0,3,114863,9,0,0.32,34,1,0,0,1,10,9,0,268,4,0,0,0.0,89919,7720517,0,0.0748,0.1304,0.2292,0.2488
USR0009,2026-01-05,HR Coordinator,Human Resources,0,3,0,0,8.57,0.33,1,4,7.75,0,0,0,0,0,0.0456,24,3,0.0549,0,0,0,29671,8,0,0.19,20,0,0,0,1,12,9,0,97,1,0,0,0.0,37624,2979672,0,0.2836,0.1152,0.2149,0.1461
USR0010,2026-01-05,Sales Executive,Sales,0,4,0,0,8.85,0.27,1,3,8.1,0,0,0,0,0,0.0368,20,4,0.0774,0,0,2,78233,9,0,0.15,49,1,0,0,3,6,3,0,149,0,0,0,0.0,138500,2448346,0,0.3196,0.1357,0.1263,0.1737
USR0001,2026-01-06,Software Engineer,Engineering,0,3,0,0,8.41,0.37,1,3,8.78,0,0,0,0,0,0.0397,21,1,0.0243,0,0,1,72058,9,0,0.11,45,2,0,0,2,10,10,0,146,4,0,0,0.0,42600,1551535,0,0.1428,0.2799,0.3157,0.1362
USR0002,2026-01-06,Systems Administrator,IT Operations,0,1,0,0,9.3,0.45,1,3,7.69,0,0,0,0,0,0.0384,9,3,0.1006,0,0,0,145817,4,0,0.18,20,1,0,0,1,8,10,0,225,0,0,0,0.0,85694,2646699,0,0.2405,0.1632,0.1376,0.0827
USR0003,2026-01-06,Financial Analyst,Finance,0,2,0,0,9.13,0.52,1,3,8.76,0,0,0,0,1,0.0023,25,4,0.0529,0,0,4,119205,2,0,0.22,50,2,0,0,2,13,6,0,327,1,0,0,0.0,199566,4406551,0,0.1392,0.039,0.118,0.1155
USR0004,2026-01-06,HR Coordinator,Human Resources,0,2,0,0,9.08,0.33,1,3,8.96,1,0,0,0,0,0.016,19,0,0.0535,0,0,0,23265,6,0,0.34,49,1,0,0,1,5,7,0,375,5,0,0,0.0,101976,2592443,0,0.2789,0.1495,0.2544,0.1297
USR0005,2026-01-06,Sales Executive,Sales,0,1,1,0,8.44,0.42,1,3,7.57,0,0,0,0,0,0.0336,14,4,0.0016,1,0,1,79329,7,0,0.29,33,0,0,0,3,3,10,0,179,2,0,0,0.0,165024,3420966,0,0.0721,0.1511,0.3293,0.0771
USR0006,2026-01-06,Software Engineer,Engineering,0,1,0,0,7.77,0.61,1,3,8.63,0,0,0,0,0,0.0023,9,5,0.0666,0,0,3,49043,10,0,0.13,49,1,0,0,1,9,6,0,383,2,0,0,0.0,152989,7948194,0,0.2029,0.1474,0.2689,0.124
USR0007,2026-01-06,Systems Administrator,IT Operations,1,11,8,1,23.2,3.67,3,15,15.37,6,3,6,4,3,0.8073,119,78,0.7414,36,12,16,24212270,32,8,-0.79,310,294,39,75426567,59,102,92,6,2387,782,131,9,0.3056,53627409,227765153,10,0.8709,0.7816,0.8164,0.9172
USR0008,2026-01-06,Financial Analyst,Finance,0,3,0,0,8.42,0.24,1,3,8.42,0,0,0,0,0,0.0112,14,2,0.141,0,0,3,93110,9,0,0.19,27,1,0,0,0,12,10,0,274,3,0,0,0.0,110474,7484933,0,0.2914,0.0955,0.1863,0.1814
USR0009,2026-01-06,HR Coordinator,Human Resources,0,4,0,0,9.01,0.58,1,3,8.9,0,1,0,0,0,0.0293,12,0,0.134,0,0,1,23760,3,0,0.2,40,0,0,0,1,3,10,0,160,3,0,0,0.0,191151,4990457,0,0.1932,0.0719,0.3892,0.0871
USR0010,2026-01-06,Sales Executive,Sales,0,1,0,0,8.73,0.21,1,1,8.87,0,0,0,0,0,0.046,17,3,0.0373,0,0,2,19821,2,0,0.17,48,0,0,0,2,7,9,0,358,4,0,0,0.0,149476,2125750,0,0.3053,0.1417,0.1578,0.037
USR0001,2026-01-07,Software Engineer,Engineering,0,4,0,0,9.25,0.41,1,3,8.35,0,0,0,0,0,0.0449,18,4,0.0656,0,0,0,58439,4,0,0.22,25,0,0,0,2,9,5,0,308,2,0,0,0.0,106409,3532905,0,0.2247,0.1689,0.1785,0.0963
USR0002,2026-01-07,Systems Administrator,IT Operations,0,1,0,0,8.36,0.19,1,3,8.54,0,0,0,0,0,0.011,9,3,0.0306,0,0,4,107943,8,0,0.28,40,2,0,0,1,15,5,0,385,0,0,0,0.0,157758,4747593,0,0.2085,0.1141,0.3752,0.0369
USR0003,2026-01-07,Financial Analyst,Finance,0,2,0,0,8.51,0.51,1,1,8.52,0,0,0,0,0,0.0223,6,3,0.0264,0,0,4,25135,10,0,0.22,29,2,0,0,0,9,6,0,81,5,0,0,0.0,77121,5851226,0,0.0719,0.1302,0.3101,0.1399
USR0004,2026-01-07,HR Coordinator,Human Resources,1,7,6,1,23.2,3.32,4,12,14.87,9,10,5,4,2,0.8548,109,47,0.883,26,8,20,23027403,50,13,-0.75,264,81,22,60045602,44,158,108,5,2486,535,226,19,0.2538,46997080,100594835,4,0.7574,0.8717,0.9091,0.9234
USR0005,2026-01-07,Sales Executive,Sales,0,2,0,0,9.46,0.43,1,1,7.87,1,0,0,0,0,0.0377,29,0,0.028,0,0,1,93598,7,0,0.16,19,2,0,0,1,9,6,0,220,0,0,0,0.0,165940,5963263,0,0.3139,0.257,0.2878,0.1125
USR0006,2026-01-07,Software Engineer,Engineering,0,3,0,0,8.9,0.31,1,4,8.11,0,0,0,0,0,0.012,12,2,0.1715,1,0,3,25105,10,0,0.2,36,2,0,0,1,9,5,0,210,1,0,0,0.0,106576,6424961,0,0.0737,0.1369,0.2113,0.1386
USR0007,2026-01-07,Systems Administrator,IT Operations,0,1,0,0,7.99,0.28,1,2,8.71,0,0,0,0,0,0.0104,15,2,0.1914,1,0,1,40753,9,0,0.33,48,2,0,0,1,9,5,0,362,2,0,0,0.0,94202,4193222,0,0.1899,0.1887,0.1925,0.0963
USR0008,2026-01-07,Financial Analyst,Finance,0,4,1,0,7.86,0.44,1,2,8.06,0,0,0,0,0,0.0073,13,4,0.187,0,0,3,87382,4,0,0.15,24,1,0,0,1,10,10,0,252,2,0,0,0.0,148089,7069643,0,0.2425,0.1476,0.1505,0.2008
USR0009,2026-01-07,HR Coordinator,Human Resources,0,4,0,0,10.05,0.38,1,1,8.76,1,0,0,0,1,0.0003,9,5,0.0463,0,0,0,67336,10,0,0.21,13,2,0,0,3,13,9,0,88,0,0,0,0.0,159516,5627521,0,0.1734,0.0243,0.3167,0.1386
USR0010,2026-01-07,Sales Executive,Sales,0,4,0,0,8.98,0.43,1,2,7.86,0,0,0,0,0,0.0397,7,2,0.1919,0,0,1,69207,6,0,0.27,15,2,0,0,0,4,8,0,274,3,0,0,0.0,164887,4993020,0,0.0668,0.0225,0.1514,0.13
USR0001,2026-01-08,Software Engineer,Engineering,0,3,0,0,9.31,0.47,1,1,7.84,0,0,0,0,0,0.0136,7,5,0.1851,0,0,4,18625,4,0,0.33,30,0,0,0,1,12,4,0,283,0,0,0,0.0,98453,2362731,0,0.2192,0.1673,0.3548,0.1725
USR0002,2026-01-08,Systems Administrator,IT Operations,0,4,0,0,9.6,0.39,1,3,7.58,0,0,0,0,0,0.0385,24,3,0.1938,0,0,2,128109,9,0,0.16,45,1,0,0,3,5,8,0,123,4,0,0,0.0,97431,7694572,0,0.1239,0.0391,0.1804,0.1012
USR0003,2026-01-08,Financial Analyst,Finance,0,2,0,0,8.84,0.41,1,3,8.17,0,1,0,0,1,0.0215,22,4,0.1025,1,0,0,102776,10,0,0.12,48,1,0,0,3,3,6,0,291,3,0,0,0.0,42203,7080430,0,0.3203,0.2554,0.3935,0.1473
USR0004,2026-01-08,HR Coordinator,Human Resources,0,4,0,0,8.77,0.46,1,2,8.15,0,0,0,0,1,0.0126,12,5,0.125,0,0,1,130025,3,0,0.13,10,1,0,0,2,12,8,0,248,3,0,0,0.0,107749,4612270,0,0.2946,0.2435,0.3923,0.0427
USR0005,2026-01-08,Sales Executive,Sales,0,2,0,0,8.45,0.45,1,4,8.95,0,0,0,0,0,0.0393,16,0,0.1864,0,0,4,57166,10,0,0.11,39,2,0,0,1,10,6,0,115,3,0,0,0.0,196417,5188458,0,0.0918,0.0987,0.1758,0.047
USR0006,2026-01-08,Software Engineer,Engineering,0,4,1,0,8.3,0.41,1,4,8.32,0,0,0,0,0,0.0268,25,0,0.0219,0,0,2,53604,2,0,0.24,35,1,0,0,3,4,2,0,130,2,0,0,0.0,78196,5283862,0,0.2741,0.1651,0.3063,0.063
USR0007,2026-01-08,Systems Administrator,IT Operations,0,4,0,0,8.34,0.4,1,1,8.22,0,0,0,0,1,0.0416,28,1,0.0697,0,0,1,146607,9,0,0.19,16,1,0,0,3,8,3,0,233,0,0,0,0.0,50168,1189457,0,0.3048,0.1885,0.3031,0.0494
USR0008,2026-01-08,Financial Analyst,Finance,0,2,0,0,8.54,0.49,1,4,7.85,0,0,0,0,0,0.0216,5,5,0.1228,0,0,4,122604,8,0,0.1,23,0,0,0,2,15,3,0,375,0,0,0,0.0,160742,2568332,0,0.1597,0.0712,0.1342,0.171
USR0009,2026-01-08,HR Coordinator,Human Resources,0,3,0,0,8.41,0.35,1,4,8.43,0,0,0,0,0,0.0307,7,5,0.0268,1,0,2,40657,4,0,0.19,19,2,0,0,3,9,4,0,374,3,0,0,0.0,130897,2558214,0,0.196,0.1597,0.3757,0.2334
USR0010,2026-01-08,Sales Executive,Sales,0,2,0,0,8.58,0.5,1,1,8.8,0,0,0,0,0,0.0192,22,4,0.1306,0,0,3,118955,9,0,0.22,15,2,0,0,0,15,5,0,229,0,0,0,0.0,92051,2886123,0,0.2113,0.0637,0.2372,0.1882
USR0001,2026-01-09,Software Engineer,Engineering,0,1,0,0,7.32,0.32,1,1,8.64,0,0,0,0,0,0.0368,25,1,0.0595,0,0,3,78895,7,0,0.32,15,1,0,0,0,15,5,0,187,5,0,0,0.0,174120,6780871,0,0.1552,0.2048,0.2898,0.0498
USR0002,2026-01-09,Systems Administrator,IT Operations,0,2,0,0,8.24,0.35,1,2,7.99,0,0,0,0,0,0.0429,26,0,0.0271,0,0,3,25541,6,0,0.32,18,2,0,0,1,6,4,0,244,1,0,0,0.0,197270,4294212,0,0.1968,0.1701,0.1806,0.1094
USR0003,2026-01-09,Financial Analyst,Finance,0,1,0,0,8.45,0.21,1,4,8.93,0,1,0,0,0,0.0366,28,3,0.127,0,0,0,114258,5,0,0.34,23,1,0,0,2,8,6,0,252,4,0,0,0.0,171501,2095503,0,0.2198,0.1462,0.2031,0.1738
USR0004,2026-01-09,HR Coordinator,Human Resources,1,7,8,4,2.5,2.75,4,13,15.28,9,6,3,3,3,0.9123,75,41,0.8833,23,7,26,10554100,28,11,-0.55,521,199,74,107977738,20,74,40,3,1776,379,167,23,0.2179,69735865,52492946,3,0.91,0.9124,0.9875,0.7898
USR0005,2026-01-09,Sales Executive,Sales,0,1,0,0,8.88,0.36,1,3,8.82,1,0,0,0,0,0.0067,26,1,0.0137,0,0,4,53022,9,0,0.19,23,2,0,0,1,9,9,0,191,0,0,0,0.0,46336,2174515,0,0.2757,0.1733,0.2152,0.2412
USR0006,2026-01-09,Software Engineer,Engineering,0,2,0,0,8.81,0.54,1,3,8.67,0,0,0,0,0,0.0151,21,4,0.1019,0,0,2,24304,5,0,0.22,17,0,0,0,3,13,3,0,350,0,0,0,0.0,114659,3654765,0,0.0896,0.2438,0.2705,0.0977
USR0007,2026-01-09,Systems Administrator,IT Operations,0,4,0,0,8.99,0.4,1,3,7.82,0,0,0,0,0,0.0143,27,4,0.1534,0,0,3,31607,10,0,0.23,19,1,0,0,0,7,3,0,341,1,0,0,0.0,60731,5499566,0,0.148,0.1725,0.329,0.166
USR0008,2026-01-09,Financial Analyst,Finance,0,3,0,0,8.9,0.37,1,1,8.89,1,0,0,0,1,0.0333,26,5,0.0351,1,0,1,12975,4,0,0.22,32,2,0,0,2,5,7,0,144,5,0,0,0.0,90454,7148311,0,0.3159,0.2206,0.1088,0.2037
USR0009,2026-01-09,HR Coordinator,Human Resources,0,1,0,0,8.39,0.32,1,3,7.58,0,0,0,0,0,0.0387,23,5,0.1446,0,0,4,10673,2,0,0.31,10,0,0,0,0,10,7,0,276,1,0,0,0.0,66913,1296651,0,0.2159,0.2576,0.3222,0.1106
USR0010,2026-01-09,Sales Executive,Sales,0,4,0,0,9.1,0.28,1,1,8.25,0,0,0,0,0,0.0491,17,0,0.1754,0,0,2,95799,3,0,0.24,10,1,0,0,1,7,6,0,398,1,0,0,0.0,141615,4089303,0,0.2275,0.1483,0.3318,0.0569
USR0001,2026-01-10,Software Engineer,Engineering,0,2,0,0,9.42,0.42,1,1,8.93,1,0,0,0,0,0.0364,8,1,0.106,0,0,3,25701,4,0,0.28,15,0,0,0,1,11,8,0,270,3,0,0,0.0,42256,5871857,0,0.0787,0.0547,0.346,0.028
USR0002,2026-01-10,Systems Administrator,IT Operations,0,4,0,0,8.55,0.59,1,4,8.55,0,0,0,0,0,0.0037,11,1,0.156,0,0,1,37697,4,0,0.21,30,1,0,0,0,11,7,0,186,3,0,0,0.0,100821,4886832,0,0.1295,0.0512,0.1473,0.1747
USR0003,2026-01-10,Financial Analyst,Finance,0,1,0,0,9.27,0.53,1,3,8.09,1,0,0,0,0,0.0087,17,3,0.1112,0,0,0,131121,3,0,0.3,18,0,0,0,0,3,5,0,146,1,0,0,0.0,125010,4122573,0,0.2559,0.2638,0.1252,0.1507
USR0004,2026-01-10,HR Coordinator,Human Resources,0,1,1,0,9.24,0.34,1,2,7.64,0,0,0,0,0,0.0471,6,1,0.1848,0,0,3,140056,2,0,0.2,37,0,0,0,2,6,4,0,220,2,0,0,0.0,136919,2246810,0,0.0604,0.181,0.1737,0.0808
USR0005,2026-01-10,Sales Executive,Sales,0,4,1,0,9.02,0.45,1,2,8.45,0,0,0,0,0,0.0391,16,3,0.1089,0,0,4,141699,7,0,0.2,21,0,0,0,2,12,5,0,95,2,0,0,0.0,35359,7783480,0,0.3475,0.1577,0.3301,0.2499
USR0006,2026-01-10,Software Engineer,Engineering,0,1,0,0,7.93,0.36,1,1,8.65,0,0,0,0,0,0.0194,10,1,0.0473,0,0,2,17394,7,0,0.34,46,0,0,0,1,15,9,0,357,2,0,0,0.0,66021,5114078,0,0.0614,0.0346,0.2805,0.0148
USR0007,2026-01-10,Systems Administrator,IT Operations,0,3,0,0,9.34,0.52,1,3,7.59,1,0,0,0,0,0.0055,21,2,0.1921,0,0,3,36484,7,0,0.18,18,0,0,0,3,15,9,0,242,1,0,0,0.0,167318,6818006,0,0.3169,0.1796,0.207,0.1697
USR0008,2026-01-10,Financial Analyst,Finance,0,4,0,0,9.36,0.52,1,4,8.78,0,0,0,0,0,0.0159,30,4,0.0442,0,0,3,46868,7,0,0.29,25,1,0,0,2,5,3,0,251,3,0,0,0.0,22987,3224763,0,0.1129,0.2002,0.2051,0.1989
USR0009,2026-01-10,HR Coordinator,Human Resources,0,1,0,0,9.82,0.36,1,4,8.82,0,0,0,0,0,0.0394,23,5,0.1516,0,0,3,29322,2,0,0.17,30,1,0,0,0,4,7,0,167,3,0,0,0.0,62180,7140335,0,0.0725,0.2649,0.3934,0.0911
USR0010,2026-01-10,Sales Executive,Sales,0,4,0,0,8.41,0.29,1,4,7.74,1,0,0,0,0,0.0349,28,5,0.108,0,0,2,72271,3,0,0.11,46,2,0,0,3,5,2,0,264,0,0,0,0.0,132094,1735079,0,0.1384,0.1921,0.2801,0.0579
USR0001,2026-01-11,Software Engineer,Engineering,1,8,8,3,2.5,3.45,3,10,16.92,10,10,4,1,5,0.7055,88,77,0.7522,16,13,29,20604755,41,8,-0.47,438,111,39,120963291,59,74,50,7,1504,854,311,23,0.2183,18185099,275699771,9,0.9382,0.8088,0.8925,0.9054
USR0002,2026-01-11,Systems Administrator,IT Operations,0,2,0,0,9.45,0.31,1,2,7.68,0,0,0,0,0,0.0486,30,1,0.0252,0,0,3,62931,4,0,0.31,26,1,0,0,0,4,8,0,364,3,0,0,0.0,164717,3735749,0,0.307,0.1551,0.3751,0.013
USR0003,2026-01-11,Financial Analyst,Finance,0,4,0,0,8.2,0.35,1,1,8.89,0,1,0,0,0,0.0268,16,3,0.0528,0,0,4,134006,2,0,0.14,35,0,0,0,3,3,8,0,249,5,0,0,0.0,82279,1413482,0,0.2737,0.2594,0.3691,0.0149
USR0004,2026-01-11,HR Coordinator,Human Resources,0,3,0,0,9.28,0.28,1,2,7.7,0,0,0,0,0,0.0135,18,4,0.1291,0,0,1,116737,9,0,0.29,33,0,0,0,1,4,6,0,339,3,0,0,0.0,55559,7547446,0,0.3054,0.2486,0.1087,0.0563
USR0005,2026-01-11,Sales Executive,Sales,0,1,0,0,9.48,0.32,1,3,8.05,0,0,0,0,0,0.0341,12,2,0.0978,0,0,3,101687,7,0,0.14,26,2,0,0,0,7,2,0,277,0,0,0,0.0,62705,5800448,0,0.2839,0.0757,0.1664,0.064
USR0006,2026-01-11,Software Engineer,Engineering,0,4,0,0,9.54,0.37,1,4,8.87,0,0,0,0,1,0.0126,30,2,0.1425,0,0,2,121098,8,0,0.31,39,1,0,0,1,10,6,0,346,4,0,0,0.0,124111,5903033,0,0.0807,0.153,0.2987,0.2124
USR0007,2026-01-11,Systems Administrator,IT Operations,0,3,0,0,10.17,0.52,1,3,8.79,0,0,0,0,0,0.0149,9,4,0.1531,0,0,4,115931,7,0,0.27,11,2,0,0,3,7,6,0,294,3,0,0,0.0,121783,7180156,0,0.0606,0.2041,0.2716,0.0556
USR0008,2026-01-11,Financial Analyst,Finance,0,2,0,0,7.63,0.44,1,3,8.26,0,0,0,0,0,0.0091,8,3,0.0256,0,0,4,57990,7,0,0.26,24,1,0,0,1,14,6,0,295,2,0,0,0.0,117434,3185729,0,0.2257,0.1406,0.1353,0.0229
USR0009,2026-01-11,HR Coordinator,Human Resources,0,1,0,0,9.35,0.5,1,3,8.12,0,0,0,0,0,0.0171,23,3,0.0286,0,0,1,31184,9,0,0.18,21,1,0,0,0,3,9,0,220,1,0,0,0.0,64198,5834177,0,0.2793,0.1473,0.3291,0.0311
USR0010,2026-01-11,Sales Executive,Sales,0,4,0,0,8.7,0.42,1,2,8.6,0,0,0,0,0,0.0266,5,5,0.0008,0,0,1,100269,6,0,0.13,34,2,0,0,2,5,3,0,103,2,0,0,0.0,96238,4824587,0,0.2683,0.1751,0.2014,0.2231
USR0001,2026-01-12,Software Engineer,Engineering,0,3,0,0,8.8,0.34,1,4,7.53,0,0,0,0,0,0.0011,21,1,0.0246,0,0,0,108354,6,0,0.29,49,0,0,0,0,13,3,0,90,0,0,0,0.0,50353,4496166,0,0.1833,0.0521,0.1758,0.1784
USR0002,2026-01-12,Systems Administrator,IT Operations,0,1,0,0,8.59,0.33,1,2,8.13,0,0,0,0,0,0.0141,30,0,0.0995,0,0,2,147139,5,0,0.19,36,1,0,0,1,3,10,0,334,1,0,0,0.0,146003,3773304,0,0.1204,0.0233,0.1267,0.0365
USR0003,2026-01-12,Financial Analyst,Finance,0,4,0,0,8.0,0.39,1,1,8.86,0,0,0,0,0,0.0132,6,0,0.1626,0,0,2,104428,7,0,0.21,17,0,0,0,0,3,4,0,167,2,0,0,0.0,113723,4671815,0,0.3365,0.0898,0.3199,0.0994
USR0004,2026-01-12,HR Coordinator,Human Resources,0,1,0,0,8.73,0.5,1,4,8.7,0,0,0,0,0,0.0348,6,1,0.0207,0,0,3,124861,4,0,0.25,32,2,0,0,0,13,4,0,327,3,0,0,0.0,49605,4450102,0,0.1822,0.0365,0.2965,0.013
USR0005,2026-01-12,Sales Executive,Sales,0,2,0,0,8.48,0.5,1,1,8.15,0,0,0,0,0,0.0321,9,4,0.1784,0,0,0,51137,10,0,0.31,41,0,0,0,0,15,9,0,244,1,0,0,0.0,106742,3333351,0,0.0651,0.0779,0.293,0.1068
USR0006,2026-01-12,Software Engineer,Engineering,0,4,0,0,9.3,0.46,1,3,7.68,0,0,0,0,0,0.0206,22,4,0.0,1,0,4,89848,10,0,0.24,39,1,0,0,2,3,5,0,312,2,0,0,0.0,166840,7437555,0,0.2359,0.143,0.2972,0.1818
USR0007,2026-01-12,Systems Administrator,IT Operations,0,2,1,0,8.2,0.27,1,3,8.55,1,0,0,0,0,0.0358,28,3,0.0214,0,0,1,41652,8,0,0.15,22,2,0,0,2,4,8,0,103,5,0,0,0.0,196197,5939305,0,0.087,0.2519,0.2372,0.1514
USR0008,2026-01-12,Financial Analyst,Finance,0,4,1,0,8.3,0.37,1,4,8.89,0,0,0,0,0,0.0087,9,0,0.0775,0,0,2,142149,8,0,0.2,48,2,0,0,1,7,8,0,255,2,0,0,0.0,138710,7751125,0,0.09,0.1273,0.31,0.1896
USR0009,2026-01-12,HR Coordinator,Human Resources,0,3,0,0,8.57,0.35,1,3,8.53,0,1,0,0,0,0.0488,10,4,0.1085,0,0,0,102337,10,0,0.22,46,2,0,0,3,13,10,0,226,3,0,0,0.0,23347,5384976,0,0.0819,0.119,0.1159,0.0236
USR0010,2026-01-12,Sales Executive,Sales,0,2,0,0,8.91,0.43,1,3,7.81,0,0,0,0,0,0.0308,26,5,0.1124,0,0,4,111944,5,0,0.23,28,2,0,0,0,9,8,0,293,5,0,0,0.0,101960,5631556,0,0.0661,0.2134,0.1609,0.2185
